{"cameraMode":{"drawMode":0,"name":"Shaded","section":"Shading Mode"},"sceneLighting":true,"audioPlay":false,"sceneViewState":{"showFog":true,"showMaterialUpdate":false,"showSkybox":true,"showFlares":true,"showImageEffects":true,"showParticleSystems":true},"in2DMode":false,"pivot":{"x":-1.40655517578125,"y":1.12548828125,"z":-6.04296875},"rotation":{"x":0.1538275182247162,"y":-0.027269529178738595,"z":0.004246990662068129,"w":0.9877126216888428},"size":9.549095153808594,"orthographic":true}